name	x	y	z	size	group
chan1	n/a	n/a	n/a	n/a	n/a
chan2	n/a	n/a	n/a	n/a	n/a
chan3	n/a	n/a	n/a	n/a	n/a
chan4	n/a	n/a	n/a	n/a	n/a
chan5	n/a	n/a	n/a	n/a	n/a
chan6	n/a	n/a	n/a	n/a	n/a
chan7	n/a	n/a	n/a	n/a	n/a
chan8	n/a	n/a	n/a	n/a	n/a
chan9	n/a	n/a	n/a	n/a	n/a
chan10	n/a	n/a	n/a	n/a	n/a
chan11	n/a	n/a	n/a	n/a	n/a
chan12	n/a	n/a	n/a	n/a	n/a
chan13	n/a	n/a	n/a	n/a	n/a
chan14	n/a	n/a	n/a	n/a	n/a
chan15	n/a	n/a	n/a	n/a	n/a
chan16	n/a	n/a	n/a	n/a	n/a
chan17	n/a	n/a	n/a	n/a	n/a
chan18	n/a	n/a	n/a	n/a	n/a
chan19	n/a	n/a	n/a	n/a	n/a
chan20	n/a	n/a	n/a	n/a	n/a
chan21	n/a	n/a	n/a	n/a	n/a
chan22	n/a	n/a	n/a	n/a	n/a
chan23	n/a	n/a	n/a	n/a	n/a
chan24	n/a	n/a	n/a	n/a	n/a
chan25	n/a	n/a	n/a	n/a	n/a
chan26	n/a	n/a	n/a	n/a	n/a
chan27	n/a	n/a	n/a	n/a	n/a
chan28	n/a	n/a	n/a	n/a	n/a
chan29	n/a	n/a	n/a	n/a	n/a
chan30	n/a	n/a	n/a	n/a	n/a
chan31	n/a	n/a	n/a	n/a	n/a
chan32	n/a	n/a	n/a	n/a	n/a
chan33	n/a	n/a	n/a	n/a	n/a
chan34	n/a	n/a	n/a	n/a	n/a
chan35	n/a	n/a	n/a	n/a	n/a
chan36	n/a	n/a	n/a	n/a	n/a
chan37	n/a	n/a	n/a	n/a	n/a
chan38	n/a	n/a	n/a	n/a	n/a
chan39	n/a	n/a	n/a	n/a	n/a
chan40	n/a	n/a	n/a	n/a	n/a
chan41	n/a	n/a	n/a	n/a	n/a
chan42	n/a	n/a	n/a	n/a	n/a
chan43	n/a	n/a	n/a	n/a	n/a
chan44	n/a	n/a	n/a	n/a	n/a
chan45	n/a	n/a	n/a	n/a	n/a
chan46	n/a	n/a	n/a	n/a	n/a
chan47	n/a	n/a	n/a	n/a	n/a
chan48	n/a	n/a	n/a	n/a	n/a
chan49	n/a	n/a	n/a	n/a	n/a
chan50	n/a	n/a	n/a	n/a	n/a
chan51	n/a	n/a	n/a	n/a	n/a
chan52	n/a	n/a	n/a	n/a	n/a
chan53	n/a	n/a	n/a	n/a	n/a
chan54	n/a	n/a	n/a	n/a	n/a
chan55	n/a	n/a	n/a	n/a	n/a
chan56	n/a	n/a	n/a	n/a	n/a
chan57	n/a	n/a	n/a	n/a	n/a
chan58	n/a	n/a	n/a	n/a	n/a
chan59	n/a	n/a	n/a	n/a	n/a
chan60	n/a	n/a	n/a	n/a	n/a
chan61	n/a	n/a	n/a	n/a	n/a
chan62	n/a	n/a	n/a	n/a	n/a
chan63	n/a	n/a	n/a	n/a	n/a
chan64	n/a	n/a	n/a	n/a	n/a
chan65	n/a	n/a	n/a	n/a	n/a
chan66	n/a	n/a	n/a	n/a	n/a
chan67	n/a	n/a	n/a	n/a	n/a
chan68	n/a	n/a	n/a	n/a	n/a
chan69	n/a	n/a	n/a	n/a	n/a
chan70	n/a	n/a	n/a	n/a	n/a
chan71	n/a	n/a	n/a	n/a	n/a
chan72	n/a	n/a	n/a	n/a	n/a
chan73	n/a	n/a	n/a	n/a	n/a
chan74	n/a	n/a	n/a	n/a	n/a
chan75	n/a	n/a	n/a	n/a	n/a
chan76	n/a	n/a	n/a	n/a	n/a
chan77	n/a	n/a	n/a	n/a	n/a
chan78	n/a	n/a	n/a	n/a	n/a
chan79	n/a	n/a	n/a	n/a	n/a
chan80	n/a	n/a	n/a	n/a	n/a
chan81	n/a	n/a	n/a	n/a	n/a
chan82	n/a	n/a	n/a	n/a	n/a
chan83	n/a	n/a	n/a	n/a	n/a
chan84	n/a	n/a	n/a	n/a	n/a
chan85	n/a	n/a	n/a	n/a	n/a
chan86	n/a	n/a	n/a	n/a	n/a
chan87	n/a	n/a	n/a	n/a	n/a
chan88	n/a	n/a	n/a	n/a	n/a
chan89	n/a	n/a	n/a	n/a	n/a
chan90	n/a	n/a	n/a	n/a	n/a
chan91	n/a	n/a	n/a	n/a	n/a
chan92	n/a	n/a	n/a	n/a	n/a
chan93	n/a	n/a	n/a	n/a	n/a
chan94	n/a	n/a	n/a	n/a	n/a
chan95	n/a	n/a	n/a	n/a	n/a
chan96	n/a	n/a	n/a	n/a	n/a
chan97	n/a	n/a	n/a	n/a	n/a
chan98	n/a	n/a	n/a	n/a	n/a
chan99	n/a	n/a	n/a	n/a	n/a
chan100	n/a	n/a	n/a	n/a	n/a
chan101	n/a	n/a	n/a	n/a	n/a
chan102	n/a	n/a	n/a	n/a	n/a
chan103	n/a	n/a	n/a	n/a	n/a
chan104	n/a	n/a	n/a	n/a	n/a
chan105	n/a	n/a	n/a	n/a	n/a
chan106	n/a	n/a	n/a	n/a	n/a
chan107	n/a	n/a	n/a	n/a	n/a
chan108	n/a	n/a	n/a	n/a	n/a
chan109	n/a	n/a	n/a	n/a	n/a
chan110	n/a	n/a	n/a	n/a	n/a
chan111	n/a	n/a	n/a	n/a	n/a
chan112	n/a	n/a	n/a	n/a	n/a
chan113	n/a	n/a	n/a	n/a	n/a
chan114	n/a	n/a	n/a	n/a	n/a
chan115	n/a	n/a	n/a	n/a	n/a
chan116	n/a	n/a	n/a	n/a	n/a
chan117	n/a	n/a	n/a	n/a	n/a
chan118	n/a	n/a	n/a	n/a	n/a
chan119	n/a	n/a	n/a	n/a	n/a
chan120	n/a	n/a	n/a	n/a	n/a
chan121	n/a	n/a	n/a	n/a	n/a
chan122	n/a	n/a	n/a	n/a	n/a
chan123	n/a	n/a	n/a	n/a	n/a
chan124	n/a	n/a	n/a	n/a	n/a
chan125	n/a	n/a	n/a	n/a	n/a
chan126	n/a	n/a	n/a	n/a	n/a
chan127	n/a	n/a	n/a	n/a	n/a
chan128	n/a	n/a	n/a	n/a	n/a
