onset	duration	trial_type	value	sample
5.0675	4.851	target	3660	10135
9.9185	5.06	target	5900	19837
14.9785	5.1415	target	3660	29957
20.12	5.0	target	4500	40240
25.12	5.06	target	3660	50240
30.18	5.1505	target	5300	60360
35.3305	5.2395	target	3660	70661
40.57	5.1505	target	4500	81140
45.7205	5.2	target	3660	91441
50.9205	5.211	target	5300	101841
56.1315	5.24	target	3660	112263
61.3715	5.16	target	5900	122743
66.5315	5.19	target	3660	133063
71.7215	5.201	target	5300	143443
76.9225	5.25	target	3660	153845
82.1725	5.15	target	4500	164345
87.3225	5.2	target	3660	174645
92.5225	5.21	target	5900	185045
97.7325	5.241	target	3660	195465
102.9735	5.16	target	4500	205947
108.1335	5.201	target	3660	216267
113.3345	4.989	target	5900	226669
118.3235	5.001	target	3660	236647
123.3245	5.261	target	5300	246649
128.5855	5.149	target	3660	257171
133.7345	5.191	target	4500	267469
138.9255	5.21	target	3660	277851
144.1355	5.19	target	5900	288271
149.3255	5.21	target	3660	298651
154.5355	5.191	target	5300	309071
159.7265	0.21	target	3660	319453
