filename	acq_time
ieeg/sub-B_task-pinchexecuted_run-1_ieeg.vhdr	2013-01-01T17:00:06
ieeg/sub-B_task-pinchexecuted_run-2_ieeg.vhdr	2013-01-01T17:03:18
ieeg/sub-B_task-pinchexecuted_run-3_ieeg.vhdr	2013-01-01T17:09:54
ieeg/sub-B_task-pinchexecuted_run-4_ieeg.vhdr	2013-01-01T17:15:57
ieeg/sub-B_task-pinchimagined_run-1_ieeg.vhdr	2013-01-01T17:06:34
ieeg/sub-B_task-pinchimagined_run-2_ieeg.vhdr	2013-01-01T17:12:51
ieeg/sub-B_task-pinchimagined_run-3_ieeg.vhdr	2013-01-01T17:18:54
ieeg/sub-B_task-powerexecuted_run-1_ieeg.vhdr	2013-01-01T16:33:36
ieeg/sub-B_task-powerexecuted_run-2_ieeg.vhdr	2013-01-01T16:36:49
ieeg/sub-B_task-powerexecuted_run-3_ieeg.vhdr	2013-01-01T16:43:31
ieeg/sub-B_task-powerexecuted_run-4_ieeg.vhdr	2013-01-01T16:50:44
ieeg/sub-B_task-powerimagined_run-1_ieeg.vhdr	2013-01-01T16:40:17
ieeg/sub-B_task-powerimagined_run-2_ieeg.vhdr	2013-01-01T16:46:51
ieeg/sub-B_task-powerimagined_run-3_ieeg.vhdr	2013-01-01T16:54:02
