name	type	units	low_cutoff	high_cutoff	sampling_frequency	group	status	status_description	description
chan49	SEEG	µV	0.3	2500.0	2000.0	n/a	good	n/a	NSx electrode ID 49; amplifier input; contact identity/location not released; resolution 0.25 µV/bit
chan50	SEEG	µV	0.3	2500.0	2000.0	n/a	good	n/a	NSx electrode ID 50; amplifier input; contact identity/location not released; resolution 0.25 µV/bit
chan51	SEEG	µV	0.3	2500.0	2000.0	n/a	good	n/a	NSx electrode ID 51; amplifier input; contact identity/location not released; resolution 0.25 µV/bit
chan52	SEEG	µV	0.3	2500.0	2000.0	n/a	good	n/a	NSx electrode ID 52; amplifier input; contact identity/location not released; resolution 0.25 µV/bit
chan53	SEEG	µV	0.3	2500.0	2000.0	n/a	good	n/a	NSx electrode ID 53; amplifier input; contact identity/location not released; resolution 0.25 µV/bit
chan54	SEEG	µV	0.3	2500.0	2000.0	n/a	good	n/a	NSx electrode ID 54; amplifier input; contact identity/location not released; resolution 0.25 µV/bit
chan55	SEEG	µV	0.3	2500.0	2000.0	n/a	good	n/a	NSx electrode ID 55; amplifier input; contact identity/location not released; resolution 0.25 µV/bit
chan56	SEEG	µV	0.3	2500.0	2000.0	n/a	good	n/a	NSx electrode ID 56; amplifier input; contact identity/location not released; resolution 0.25 µV/bit
chan57	SEEG	µV	0.3	2500.0	2000.0	n/a	good	n/a	NSx electrode ID 57; amplifier input; contact identity/location not released; resolution 0.25 µV/bit
chan58	SEEG	µV	0.3	2500.0	2000.0	n/a	good	n/a	NSx electrode ID 58; amplifier input; contact identity/location not released; resolution 0.25 µV/bit
chan59	SEEG	µV	0.3	2500.0	2000.0	n/a	good	n/a	NSx electrode ID 59; amplifier input; contact identity/location not released; resolution 0.25 µV/bit
chan60	SEEG	µV	0.3	2500.0	2000.0	n/a	good	n/a	NSx electrode ID 60; amplifier input; contact identity/location not released; resolution 0.25 µV/bit
chan61	SEEG	µV	0.3	2500.0	2000.0	n/a	good	n/a	NSx electrode ID 61; amplifier input; contact identity/location not released; resolution 0.25 µV/bit
chan62	SEEG	µV	0.3	2500.0	2000.0	n/a	good	n/a	NSx electrode ID 62; amplifier input; contact identity/location not released; resolution 0.25 µV/bit
chan63	SEEG	µV	0.3	2500.0	2000.0	n/a	good	n/a	NSx electrode ID 63; amplifier input; contact identity/location not released; resolution 0.25 µV/bit
chan64	SEEG	µV	0.3	2500.0	2000.0	n/a	good	n/a	NSx electrode ID 64; amplifier input; contact identity/location not released; resolution 0.25 µV/bit
chan65	SEEG	µV	0.3	2500.0	2000.0	n/a	good	n/a	NSx electrode ID 65; amplifier input; contact identity/location not released; resolution 0.25 µV/bit
chan66	SEEG	µV	0.3	2500.0	2000.0	n/a	good	n/a	NSx electrode ID 66; amplifier input; contact identity/location not released; resolution 0.25 µV/bit
chan67	SEEG	µV	0.3	2500.0	2000.0	n/a	good	n/a	NSx electrode ID 67; amplifier input; contact identity/location not released; resolution 0.25 µV/bit
chan68	SEEG	µV	0.3	2500.0	2000.0	n/a	good	n/a	NSx electrode ID 68; amplifier input; contact identity/location not released; resolution 0.25 µV/bit
chan69	SEEG	µV	0.3	2500.0	2000.0	n/a	good	n/a	NSx electrode ID 69; amplifier input; contact identity/location not released; resolution 0.25 µV/bit
chan70	SEEG	µV	0.3	2500.0	2000.0	n/a	good	n/a	NSx electrode ID 70; amplifier input; contact identity/location not released; resolution 0.25 µV/bit
chan71	SEEG	µV	0.3	2500.0	2000.0	n/a	good	n/a	NSx electrode ID 71; amplifier input; contact identity/location not released; resolution 0.25 µV/bit
chan72	SEEG	µV	0.3	2500.0	2000.0	n/a	good	n/a	NSx electrode ID 72; amplifier input; contact identity/location not released; resolution 0.25 µV/bit
chan73	SEEG	µV	0.3	2500.0	2000.0	n/a	good	n/a	NSx electrode ID 73; amplifier input; contact identity/location not released; resolution 0.25 µV/bit
chan74	SEEG	µV	0.3	2500.0	2000.0	n/a	good	n/a	NSx electrode ID 74; amplifier input; contact identity/location not released; resolution 0.25 µV/bit
chan75	SEEG	µV	0.3	2500.0	2000.0	n/a	good	n/a	NSx electrode ID 75; amplifier input; contact identity/location not released; resolution 0.25 µV/bit
chan76	SEEG	µV	0.3	2500.0	2000.0	n/a	good	n/a	NSx electrode ID 76; amplifier input; contact identity/location not released; resolution 0.25 µV/bit
chan77	SEEG	µV	0.3	2500.0	2000.0	n/a	good	n/a	NSx electrode ID 77; amplifier input; contact identity/location not released; resolution 0.25 µV/bit
chan78	SEEG	µV	0.3	2500.0	2000.0	n/a	good	n/a	NSx electrode ID 78; amplifier input; contact identity/location not released; resolution 0.25 µV/bit
chan79	SEEG	µV	0.3	2500.0	2000.0	n/a	good	n/a	NSx electrode ID 79; amplifier input; contact identity/location not released; resolution 0.25 µV/bit
chan80	SEEG	µV	0.3	2500.0	2000.0	n/a	good	n/a	NSx electrode ID 80; amplifier input; contact identity/location not released; resolution 0.25 µV/bit
chan81	SEEG	µV	0.3	2500.0	2000.0	n/a	good	n/a	NSx electrode ID 81; amplifier input; contact identity/location not released; resolution 0.25 µV/bit
chan82	SEEG	µV	0.3	2500.0	2000.0	n/a	good	n/a	NSx electrode ID 82; amplifier input; contact identity/location not released; resolution 0.25 µV/bit
chan83	SEEG	µV	0.3	2500.0	2000.0	n/a	good	n/a	NSx electrode ID 83; amplifier input; contact identity/location not released; resolution 0.25 µV/bit
chan84	SEEG	µV	0.3	2500.0	2000.0	n/a	good	n/a	NSx electrode ID 84; amplifier input; contact identity/location not released; resolution 0.25 µV/bit
chan85	SEEG	µV	0.3	2500.0	2000.0	n/a	good	n/a	NSx electrode ID 85; amplifier input; contact identity/location not released; resolution 0.25 µV/bit
chan86	SEEG	µV	0.3	2500.0	2000.0	n/a	good	n/a	NSx electrode ID 86; amplifier input; contact identity/location not released; resolution 0.25 µV/bit
chan87	SEEG	µV	0.3	2500.0	2000.0	n/a	good	n/a	NSx electrode ID 87; amplifier input; contact identity/location not released; resolution 0.25 µV/bit
chan88	SEEG	µV	0.3	2500.0	2000.0	n/a	good	n/a	NSx electrode ID 88; amplifier input; contact identity/location not released; resolution 0.25 µV/bit
chan89	SEEG	µV	0.3	2500.0	2000.0	n/a	good	n/a	NSx electrode ID 89; amplifier input; contact identity/location not released; resolution 0.25 µV/bit
chan90	SEEG	µV	0.3	2500.0	2000.0	n/a	good	n/a	NSx electrode ID 90; amplifier input; contact identity/location not released; resolution 0.25 µV/bit
chan91	SEEG	µV	0.3	2500.0	2000.0	n/a	good	n/a	NSx electrode ID 91; amplifier input; contact identity/location not released; resolution 0.25 µV/bit
chan92	SEEG	µV	0.3	2500.0	2000.0	n/a	good	n/a	NSx electrode ID 92; amplifier input; contact identity/location not released; resolution 0.25 µV/bit
chan93	SEEG	µV	0.3	2500.0	2000.0	n/a	good	n/a	NSx electrode ID 93; amplifier input; contact identity/location not released; resolution 0.25 µV/bit
chan94	SEEG	µV	0.3	2500.0	2000.0	n/a	good	n/a	NSx electrode ID 94; amplifier input; contact identity/location not released; resolution 0.25 µV/bit
chan95	SEEG	µV	0.3	2500.0	2000.0	n/a	good	n/a	NSx electrode ID 95; amplifier input; contact identity/location not released; resolution 0.25 µV/bit
chan96	SEEG	µV	0.3	2500.0	2000.0	n/a	good	n/a	NSx electrode ID 96; amplifier input; contact identity/location not released; resolution 0.25 µV/bit
chan97	SEEG	µV	0.3	2500.0	2000.0	n/a	good	n/a	NSx electrode ID 97; amplifier input; contact identity/location not released; resolution 0.25 µV/bit
chan98	SEEG	µV	0.3	2500.0	2000.0	n/a	good	n/a	NSx electrode ID 98; amplifier input; contact identity/location not released; resolution 0.25 µV/bit
chan99	SEEG	µV	0.3	2500.0	2000.0	n/a	good	n/a	NSx electrode ID 99; amplifier input; contact identity/location not released; resolution 0.25 µV/bit
chan100	SEEG	µV	0.3	2500.0	2000.0	n/a	good	n/a	NSx electrode ID 100; amplifier input; contact identity/location not released; resolution 0.25 µV/bit
chan101	SEEG	µV	0.3	2500.0	2000.0	n/a	good	n/a	NSx electrode ID 101; amplifier input; contact identity/location not released; resolution 0.25 µV/bit
chan102	SEEG	µV	0.3	2500.0	2000.0	n/a	good	n/a	NSx electrode ID 102; amplifier input; contact identity/location not released; resolution 0.25 µV/bit
chan103	SEEG	µV	0.3	2500.0	2000.0	n/a	good	n/a	NSx electrode ID 103; amplifier input; contact identity/location not released; resolution 0.25 µV/bit
chan104	SEEG	µV	0.3	2500.0	2000.0	n/a	good	n/a	NSx electrode ID 104; amplifier input; contact identity/location not released; resolution 0.25 µV/bit
chan105	SEEG	µV	0.3	2500.0	2000.0	n/a	good	n/a	NSx electrode ID 105; amplifier input; contact identity/location not released; resolution 0.25 µV/bit
chan106	SEEG	µV	0.3	2500.0	2000.0	n/a	good	n/a	NSx electrode ID 106; amplifier input; contact identity/location not released; resolution 0.25 µV/bit
chan107	SEEG	µV	0.3	2500.0	2000.0	n/a	good	n/a	NSx electrode ID 107; amplifier input; contact identity/location not released; resolution 0.25 µV/bit
chan108	SEEG	µV	0.3	2500.0	2000.0	n/a	good	n/a	NSx electrode ID 108; amplifier input; contact identity/location not released; resolution 0.25 µV/bit
chan109	SEEG	µV	0.3	2500.0	2000.0	n/a	good	n/a	NSx electrode ID 109; amplifier input; contact identity/location not released; resolution 0.25 µV/bit
chan110	SEEG	µV	0.3	2500.0	2000.0	n/a	good	n/a	NSx electrode ID 110; amplifier input; contact identity/location not released; resolution 0.25 µV/bit
chan111	SEEG	µV	0.3	2500.0	2000.0	n/a	good	n/a	NSx electrode ID 111; amplifier input; contact identity/location not released; resolution 0.25 µV/bit
chan112	SEEG	µV	0.3	2500.0	2000.0	n/a	good	n/a	NSx electrode ID 112; amplifier input; contact identity/location not released; resolution 0.25 µV/bit
chan113	SEEG	µV	0.3	2500.0	2000.0	n/a	good	n/a	NSx electrode ID 113; amplifier input; contact identity/location not released; resolution 0.25 µV/bit
chan114	SEEG	µV	0.3	2500.0	2000.0	n/a	good	n/a	NSx electrode ID 114; amplifier input; contact identity/location not released; resolution 0.25 µV/bit
chan115	SEEG	µV	0.3	2500.0	2000.0	n/a	good	n/a	NSx electrode ID 115; amplifier input; contact identity/location not released; resolution 0.25 µV/bit
chan116	SEEG	µV	0.3	2500.0	2000.0	n/a	good	n/a	NSx electrode ID 116; amplifier input; contact identity/location not released; resolution 0.25 µV/bit
chan117	SEEG	µV	0.3	2500.0	2000.0	n/a	good	n/a	NSx electrode ID 117; amplifier input; contact identity/location not released; resolution 0.25 µV/bit
chan118	SEEG	µV	0.3	2500.0	2000.0	n/a	good	n/a	NSx electrode ID 118; amplifier input; contact identity/location not released; resolution 0.25 µV/bit
chan119	SEEG	µV	0.3	2500.0	2000.0	n/a	good	n/a	NSx electrode ID 119; amplifier input; contact identity/location not released; resolution 0.25 µV/bit
chan120	SEEG	µV	0.3	2500.0	2000.0	n/a	good	n/a	NSx electrode ID 120; amplifier input; contact identity/location not released; resolution 0.25 µV/bit
chan121	SEEG	µV	0.3	2500.0	2000.0	n/a	good	n/a	NSx electrode ID 121; amplifier input; contact identity/location not released; resolution 0.25 µV/bit
chan122	SEEG	µV	0.3	2500.0	2000.0	n/a	good	n/a	NSx electrode ID 122; amplifier input; contact identity/location not released; resolution 0.25 µV/bit
chan123	SEEG	µV	0.3	2500.0	2000.0	n/a	good	n/a	NSx electrode ID 123; amplifier input; contact identity/location not released; resolution 0.25 µV/bit
chan124	SEEG	µV	0.3	2500.0	2000.0	n/a	good	n/a	NSx electrode ID 124; amplifier input; contact identity/location not released; resolution 0.25 µV/bit
chan125	SEEG	µV	0.3	2500.0	2000.0	n/a	good	n/a	NSx electrode ID 125; amplifier input; contact identity/location not released; resolution 0.25 µV/bit
chan126	SEEG	µV	0.3	2500.0	2000.0	n/a	good	n/a	NSx electrode ID 126; amplifier input; contact identity/location not released; resolution 0.25 µV/bit
chan127	SEEG	µV	0.3	2500.0	2000.0	n/a	good	n/a	NSx electrode ID 127; amplifier input; contact identity/location not released; resolution 0.25 µV/bit
chan128	SEEG	µV	0.3	2500.0	2000.0	n/a	good	n/a	NSx electrode ID 128; amplifier input; contact identity/location not released; resolution 0.25 µV/bit
dynamometer	MISC	mV	n/a	2500.0	2000.0	n/a	good	n/a	NSx analog input 129: grasp dynamometer / pinch gauge force signal; resolution 0.152593 mV/bit
