path	bytes_original	sha256_original	sha256_here	change
ParticipantAPinchExecuted/Executed/NSPdata/Block1.ns3	84669473	796bf706d32dd643a6905b7730625ab2e7d73b25a5fe54680581fcdaa56fe70f	a4537abee5709e3097cbcbdb132a4a8930272771ae0785adfbaf129c2b4d9645	NSx TimeOrigin day -> 01, weekday recomputed
ParticipantAPinchExecuted/Executed/NSPdata/Block2.ns3	84866069	20fc435502f69cb394ccd7737b36dd3459daa591a018cf53fa7fd8e7a29aa05c	26e27c389f919aecda9335cebe1c07bbf1a8961703f26cc50eab54006decb2ea	NSx TimeOrigin day -> 01, weekday recomputed
ParticipantAPinchExecuted/Executed/NSPdata/Block3.ns3	83204549	5fdd83d43b014c2dd1dc25b1e90f4844c4578ad4fcfccd7bc4c3cee5beb30893	77bc205dab2caac581ff69818224e9759e5594bcae9851d88e7b7abb25af08de	NSx TimeOrigin day -> 01, weekday recomputed
ParticipantAPinchExecuted/Executed/NSPdata/Block4.ns3	82760789	a40246a3c7b9fb5a9cf0ad4c013299da001e6906858ad1766eac6b427f9d6b2d	3590ff5dbada4ef8215259abdc2b271154656d7a3ffd3077b71d8af4601fdfb4	NSx TimeOrigin day -> 01, weekday recomputed
ParticipantAPinchExecuted/Executed/SLCdata/SLCData_Block1.mat	16386336	b3aa25b0a26bb3d18485685cd41b9ff157d0d459d27ef4ebaca95ce50ef161eb	06b8968ef03ef86583503b73f298a28713dda3b2095cc3b0c7d9a6c6a3e0e32a	MAT text header date -> Mmm 01 yyyy
ParticipantAPinchExecuted/Executed/SLCdata/SLCData_Block2.mat	16360670	8b68053885843c6ad6b7a04fcc1319d62d0f2f822a52237f4bd36a538b2e7025	a272aba75624bbc39c492ef52fda8014919320bead58f47501cddf041c181032	MAT text header date -> Mmm 01 yyyy
ParticipantAPinchExecuted/Executed/SLCdata/SLCData_Block3.mat	16335284	273b5c61b7d228cedce5bb660f6410753e65f0280afaea49183ad61cb69bf658	d7cb0730d39b386e65fc01ff8d4356da256c14b04d3d717b3e98c1e0bd79cbe4	MAT text header date -> Mmm 01 yyyy
ParticipantAPinchExecuted/Executed/SLCdata/SLCData_Block4.mat	16418489	188e5f9028dc172e40e960a4b7910a492745d5b6ae831052208f20c5d1bf3ab1	3c8e46f35ccc84729ab857d49fd2dc7c7c3831b711950e45ec23ef752b4eedbb	MAT text header date -> Mmm 01 yyyy
ParticipantAPinchImagined/Imagined/NSPdata/Block1.ns3	84205589	8c0b7f4d878099b34dcd0c6fff6e306c4913e778e46d22740e79b85af89a6c61	2ec0010738d66f2400c89d13612eafe9a49cd667aa54a5feaf08083f12417b74	NSx TimeOrigin day -> 01, weekday recomputed
ParticipantAPinchImagined/Imagined/NSPdata/Block2.ns3	83157593	024d1f920e2f31a00a22d48264aeb0dcb6ab5d3defd0f08736c9acb67d926a92	0fd58a6cd532ab4bfde520fdfad1c47ecb89dc9eeb115b57a24c1faeb44959b8	NSx TimeOrigin day -> 01, weekday recomputed
ParticipantAPinchImagined/Imagined/NSPdata/Block3.ns3	83333033	b47338139642a7e99dc4bfb433fccc25df12419655e01988f1b657c6f3378ab7	b6f75f57e9044d257fa89869bb68a81d70b2214a38daa912d51f02dce29e276f	NSx TimeOrigin day -> 01, weekday recomputed
ParticipantAPinchImagined/Imagined/NSPdata/Block4.ns3	83478029	639829ccd45fb96cf8fd9213e42610098da9f4d821bb1a40958d313f7148701f	cb6f49cefe6c8c6b449b0ddd1f79d796b40c82cb2f9fb53c5ed5ae3266cc9b97	NSx TimeOrigin day -> 01, weekday recomputed
ParticipantAPinchImagined/Imagined/SLCdata/SLCData_Block1.mat	16499887	807709c21927b1b01a5848f805270836ce9038fdd13c6253e17d3b2e80a45187	6394bde3bd2316e992c681aed5c2e487f245a11c43d5ca3a7457312ee26b85cc	MAT text header date -> Mmm 01 yyyy
ParticipantAPinchImagined/Imagined/SLCdata/SLCData_Block2.mat	16385836	c7f4db23417f0f58a6d899327cc7c19a61c3204f1d873946e9980c6a0ce8e7fb	09fa3e8e0eb058599d75884fce73c2c962a2454c680afd586753104fb12fa24e	MAT text header date -> Mmm 01 yyyy
ParticipantAPinchImagined/Imagined/SLCdata/SLCData_Block3.mat	16241247	588fd7b3a3f7b9e946cda00f9b4a368d2360bb7c36d4b1480c570a5252e04f3f	c91b913b8d777b1ad7cadca424bf2e8eb2596eea6d8522fd5501a611f0ff15bb	MAT text header date -> Mmm 01 yyyy
ParticipantAPinchImagined/Imagined/SLCdata/SLCData_Block4.mat	16428086	4b531486f58e14bd722f53c1a555a57d894d345126373146eb25397706f115e2	22b58befc7c8b829d4a6a0ed4881cadc2a403c60198829eb92788524bc27e9ea	MAT text header date -> Mmm 01 yyyy
ParticipantAPowerExecuted/Executed/NSPdata/Block1.ns3	137519225	c3ae25a1b3b5dc4b0f9ba186e77b30367d6c2fdba0563607ead7cdfbbe066873	686e0949e2e332fdda99e71d220107b3abe55f4f38bff2a08499f5274dfe2042	NSx TimeOrigin day -> 01, weekday recomputed
ParticipantAPowerExecuted/Executed/NSPdata/Block2.ns3	82858313	17b4535067fbebdb12fc22c9d41598ab1b6b2f001ef8cfb9370b69b08a42d550	6256369f1c995b272ce121fbbd8038f0ab06e26fea1a45bb492d5c629973ace5	NSx TimeOrigin day -> 01, weekday recomputed
ParticipantAPowerExecuted/Executed/NSPdata/Block3.ns3	84855233	cbce2b35f6b5806d59e89293efd18d5824ffb41fd1528e0450051bfe4e09b095	29f8c159b218f5f50add3865f464e5f7af5dc101fc0311a775e2b6170f27d56c	NSx TimeOrigin day -> 01, weekday recomputed
ParticipantAPowerExecuted/Executed/NSPdata/Block4.ns3	83684429	3312fd746bb59aa16e6cc22323c71bb890fc4763c989b1fb3dc00ad793c48dca	216d7c74a44f2570744452c2abb8fc62307fb25cfba5e063bc378fa3693059cb	NSx TimeOrigin day -> 01, weekday recomputed
ParticipantAPowerExecuted/Executed/SLCdata/SLCData_Block1.mat	16496134	d2fae156496e45174262686297a581d8440c5aa3c6fb3666b47f39098a161f03	189b3d0f461cef302e2cf46ed8632359351566d5f33f933f6d32125ed75eb32e	MAT text header date -> Mmm 01 yyyy
ParticipantAPowerExecuted/Executed/SLCdata/SLCData_Block2.mat	16365381	59820571149098cc5d119fc8d030203fe7f8c16ef4023db5de9ec4ab49a83000	aba482ff623f7dbb15a375eade725f9607458b5a3501d35a7a1da0670cf2780c	MAT text header date -> Mmm 01 yyyy
ParticipantAPowerExecuted/Executed/SLCdata/SLCData_Block3.mat	16383286	765358f27d5683225434933a0a1f07c55ebc5f2e1f2dfac214e37d89aabad1a4	434a99993f3fe96f293611794cba2e57a6d8dc72aa5102540bd0c0d421b275fc	MAT text header date -> Mmm 01 yyyy
ParticipantAPowerExecuted/Executed/SLCdata/SLCData_Block4.mat	16368970	9c7b6a6f1b1c07463e723dd1b5ba6188f74dfb4d19d7d2038ea2746b2d3223a1	2dc5b302b7d1ca9ba7c403268e9fa1c4f464e3289e25388ff3db6bafa1fb0dc0	MAT text header date -> Mmm 01 yyyy
ParticipantAPowerImagined/Imagined/NSPdata/Block1.ns3	83405789	8864f635a655f3b8c690996b4f925e933a88fb10035424c87e19cba758b43b82	8bf7f21443ad50418872efbd49fe60ed3a98df11780a5211ad985f751e748e85	NSx TimeOrigin day -> 01, weekday recomputed
ParticipantAPowerImagined/Imagined/NSPdata/Block2.ns3	84509513	270bc7e85de31d9f1485d8c780c5072518fa67508fa4f983e172d61f045ed662	5d555884481cca5a5bd97904be4230656745c87096e0ad1cf7a2c71b2d20bea6	NSx TimeOrigin day -> 01, weekday recomputed
ParticipantAPowerImagined/Imagined/NSPdata/Block3.ns3	83560589	480b9b0eca7240f39e6975919c66b85392e38070eade9cf0d46d4aa3e65a4d62	f93f38396c0adcfc926de9544414a7fcf90e3d7178c2ef51c01364153758cbe7	NSx TimeOrigin day -> 01, weekday recomputed
ParticipantAPowerImagined/Imagined/NSPdata/Block4.ns3	83906309	46c3208d2268dc65a895880918052eec12982903305833ef693efd8a53fdb296	fa5d58534c9882e8a72d0ea33b7285d2b53334bda88743a08d185f36421e1d4b	NSx TimeOrigin day -> 01, weekday recomputed
ParticipantAPowerImagined/Imagined/SLCdata/SLCData_Block1.mat	16483065	a865b8e3a23f1543eef3c2816047cdb5dc5de116b859819af5330b19289f362e	fa6e4253a87a32eb7a534cb914344ae329cb36b62fb3ed0fa1bd2ac7fa5b4495	MAT text header date -> Mmm 01 yyyy
ParticipantAPowerImagined/Imagined/SLCdata/SLCData_Block2.mat	16403927	271589c4f7d9cc1f538cdb0a9434eefd00d793e38f97ea6a4712d54e62c549c1	ab3725dd314e811077f8075780c0ff4e0f055e274584f602276f74d4ce1a4cd7	MAT text header date -> Mmm 01 yyyy
ParticipantAPowerImagined/Imagined/SLCdata/SLCData_Block3.mat	16489362	39a07bb989f903c25660e8f03f2fb6179b0c61a4579e5a45f791372ab7f41120	123c7d9075acbbb35df1c1e18a91a07728eaefde8040d16bb0e5fc332c9c82e0	MAT text header date -> Mmm 01 yyyy
ParticipantAPowerImagined/Imagined/SLCdata/SLCData_Block4.mat	16497172	b5f8ff5003e251d9e43743dc6e0898abd2adca25511993743ceda4145a52b834	60e9194471c329f2db772fefcd5b447059ca7be6099c6d33fb0848ab1695758e	MAT text header date -> Mmm 01 yyyy
ParticipantB/ParticipantB/Pinch/Executed/NSPdata/Block1.ns3	84070913	94f616cd866008bc186eda3b2ab7573eb94a78a85577e2409944769467921a70	56e43097fbb30549dfcb5825439b4d3443c1c575906e2fc1607f27459ea5f7a4	NSx TimeOrigin day -> 01, weekday recomputed
ParticipantB/ParticipantB/Pinch/Executed/NSPdata/Block2.ns3	83570393	7d98b85b1e97a2732df399a4ada37daba41fcc4c971407add2788189e4baf9b1	7c7613dd4d7de6b8f1d0cc90536e7567301bce1b7013cdf75bd335429bbca64a	NSx TimeOrigin day -> 01, weekday recomputed
ParticipantB/ParticipantB/Pinch/Executed/NSPdata/Block3.ns3	84287633	1032f485fcf93d09e89823819394a013d9064043d4aec4282e88176d597584db	0dad292bb83f1af88d648850209bef2633d58955637796be7c5c9948a6162486	NSx TimeOrigin day -> 01, weekday recomputed
ParticipantB/ParticipantB/Pinch/Executed/NSPdata/Block4.ns3	83673593	6fe89d53407aa9b6d25ad426b0cf475c095c41ebcdfbeae1623e9e61d312db85	242e57c1e351241ff6d506ba089d7d5d8526ff472c12de7d54f867e30518e86e	NSx TimeOrigin day -> 01, weekday recomputed
ParticipantB/ParticipantB/Pinch/Executed/SLCdata/SLCData_Block1.mat	3209256	e0f986c746c866c96b43f634a2e175c1b918295f9e3270cb0fb4c428bd45759b	43ef58c621bc8902ddc8f0d9e5be5b70002b2a846cd90df6be1d4f7be97eed3e	MAT text header date -> Mmm 01 yyyy
ParticipantB/ParticipantB/Pinch/Executed/SLCdata/SLCData_Block2.mat	3213449	f5fdb98a6f7d30358ee407f0d3e166049015aea6b69caf17db00d8a0b8f4c46f	7fd7c82f0a49f5d8a862ed5084a7772c99f426bbbe5c27972ea09cb9eb963fad	MAT text header date -> Mmm 01 yyyy
ParticipantB/ParticipantB/Pinch/Executed/SLCdata/SLCData_Block3.mat	3200493	3303231ddf2e1f0ab18f3843348cf3ec21c2463f0f0919bd5a0367f9c44f7772	614aaf82a82ac652588f8753b3091a88355dd54d148fbac84e17b33815d7a696	MAT text header date -> Mmm 01 yyyy
ParticipantB/ParticipantB/Pinch/Executed/SLCdata/SLCData_Block4.mat	3199026	a5f71ff7a361d0e1c29d84bb22ae17b18ed3ed240ba35bd6b05b74fcbe968f86	073c67c1b28315e368e3c192a772ac9f7abdac83c2a64fc2ba15604336cb819b	MAT text header date -> Mmm 01 yyyy
ParticipantB/ParticipantB/Pinch/Imagined/NSPdata/Block1.ns3	83802593	eafc658630f7294bc05247a44db5c3cb9c45b669239f6a6ada45d7b05f2ee879	06b21daa2caf78e60d35311f40fc79da951d77fa299b4a00cc37dac5c03e6537	NSx TimeOrigin day -> 01, weekday recomputed
ParticipantB/ParticipantB/Pinch/Imagined/NSPdata/Block2.ns3	83338193	72737becb5cd798ccad5d3941cb4ff87881121195d3b9253a46e56fc7c62195c	d48fb29d42a8556acd9cc5badbedb3c5c37080c4508e94aedb446913f4dd37bd	NSx TimeOrigin day -> 01, weekday recomputed
ParticipantB/ParticipantB/Pinch/Imagined/NSPdata/Block3.ns3	82755113	bab7162b76713d6c5198feae5b5eca433ca816724685519f12fcbe8e6f9d2cbf	c2cd65d5c0926822601d97f551789ef2264c19c01c9790db1ed28a73ba33af63	NSx TimeOrigin day -> 01, weekday recomputed
ParticipantB/ParticipantB/Pinch/Imagined/SLCdata/SLCData_Block1.mat	3213370	b6f92b20e55419748cf75bd6ca5b0b85f36ceff89db684e72b8ac9a2ae22d076	72cac85175a220b946c0c044d7e63e644ab0cc8d6760f135251759a7c1f48cf0	MAT text header date -> Mmm 01 yyyy
ParticipantB/ParticipantB/Pinch/Imagined/SLCdata/SLCData_Block2.mat	3211980	89c85552ff84370bf916e1f07aa1be1c9981bcd38e0b71be7b9a8b57b544fa6f	396da6e9b9be16b1ea1d595bf892989bf41e167061a18e2bf7f2c3b65873d4f6	MAT text header date -> Mmm 01 yyyy
ParticipantB/ParticipantB/Pinch/Imagined/SLCdata/SLCData_Block3.mat	3182490	ca6568d74a7ce5b3128b1a5c83824972705dcea9965426afb9d3c8dd6d48bd70	594752acd1200e610387d91d296eab6d4452e02bde3f1696122c7c7bebd230a4	MAT text header date -> Mmm 01 yyyy
ParticipantB/ParticipantB/Power/Executed/NSPdata/Block1.ns3	84101873	8e886c2eb3d402e4c8808c4a2b923e96ecf83333893c7531f44441f39aca9706	78c4bd7639221f760613a92fcaa7952b1929948e052d16f8a23ad124463058b0	NSx TimeOrigin day -> 01, weekday recomputed
ParticipantB/ParticipantB/Power/Executed/NSPdata/Block2.ns3	87218513	e63f9b8cb39a19ba3b136515fbeeb5f9f276dd1e7fcfb8a683d2e1d5bddb6253	bf096e504c0eb50c5f6d66d7f2c0733487e36c130f593eb7b5c73008db823b28	NSx TimeOrigin day -> 01, weekday recomputed
ParticipantB/ParticipantB/Power/Executed/NSPdata/Block3.ns3	82290713	002f637c568c1d0d137aa4a014153cb0c870b74063f3ce6b90083a1dcf8221f9	44134b9220fe63d0a74d57e0174124edd7c73c52dc9d77a4b39184ebd38054cd	NSx TimeOrigin day -> 01, weekday recomputed
ParticipantB/ParticipantB/Power/Executed/NSPdata/Block4.ns3	83389793	2379e6e79ad45bfa98e0c3089029a033d4514a1e080ab8151bdccfa7b47010cc	f558e34a215931353c642e1b27f7ddef8607227a09a5557486c83327dcce90de	NSx TimeOrigin day -> 01, weekday recomputed
ParticipantB/ParticipantB/Power/Executed/SLCdata/SLCData_Block1.mat	3416240	32de0325be3fba3fc1f8fbcee9009ed456bca1c8ef4da1be1760754951b0c2d2	458f20ad01b0d276730af017e5e0d247d26ca97700add1c510f75922cfe87466	MAT text header date -> Mmm 01 yyyy
ParticipantB/ParticipantB/Power/Executed/SLCdata/SLCData_Block2.mat	3375812	69c5c3fc1d68777dab205f31ad989e0b988de7fc7a83e46220ccca8fbb6847c4	cf38330e47f6120b2c8988008ff5224526232b7352c9f59fb190a739dd187f75	MAT text header date -> Mmm 01 yyyy
ParticipantB/ParticipantB/Power/Executed/SLCdata/SLCData_Block3.mat	3331620	93d92fc60b1127184ef74a228c9647c8b01d68cbbbab57f7b590f05fb9288526	9c536f0ec23fadcd3e544b88bd64d148452d6ae9bafa1b08a4294fc48e4493da	MAT text header date -> Mmm 01 yyyy
ParticipantB/ParticipantB/Power/Executed/SLCdata/SLCData_Block4.mat	3352094	c140fdc9dbc52c4eb79275a7546e61b8d4ddfa04f265a81473d3c398a2fa8351	c3410b088af32176bef1c0dc98b5bd1e2b1e5a7b2457f3ae16c5e3a0d8a7f57d	MAT text header date -> Mmm 01 yyyy
ParticipantB/ParticipantB/Power/Imagined/NSPdata/Block1.ns3	83096189	9d2ce73b4e1ea6a592ae983de4f7008dd6ea066528a30350d41960c13e2e52da	bd32b7fa46c8165e79b96dff04924162b6349c2af17e0f89a95112392fccd890	NSx TimeOrigin day -> 01, weekday recomputed
ParticipantB/ParticipantB/Power/Imagined/NSPdata/Block2.ns3	84457913	0e3b202f6df3eb49f76c08db8c10feb38c790fa95ea2636e5ce42ac2691443a5	e05669b8017c37f625c2a7e892a36ee25584975e3eaf140f48c4d088a93793e7	NSx TimeOrigin day -> 01, weekday recomputed
ParticipantB/ParticipantB/Power/Imagined/NSPdata/Block3.ns3	89741753	085a55e120dc70419349895a73f6576117ee73aeb4326eefa82c94162bde7de5	1d834cc8eb9c6f874df27c69ebc403951bb4716d6e21831f4ee246a52913727d	NSx TimeOrigin day -> 01, weekday recomputed
ParticipantB/ParticipantB/Power/Imagined/SLCdata/SLCData_Block1.mat	3345554	0ed40b688405d01197611eb52fdd379cd0cce37f352b3ed415df3ec4a12d3a85	464d2fb0693697e08cae79428e30e16adc309d671b9c54f4f31a429f0570dc2d	MAT text header date -> Mmm 01 yyyy
ParticipantB/ParticipantB/Power/Imagined/SLCdata/SLCData_Block2.mat	3292257	aab07384de555f95d06a31d3fd8e439d5d0c33a406bf9dc5d7f229581c919b1e	daf79cb317474d0987cd8204107e6e0f064f5d9bfd63ad6bcadba93ec697728b	MAT text header date -> Mmm 01 yyyy
ParticipantB/ParticipantB/Power/Imagined/SLCdata/SLCData_Block3.mat	3300731	ea5522879ebc6eba80a624bff3b4f78d7c16ec4862c4ce8c575bd764d54dbc71	4a6abb229568590317ae4e457474b93f434c08f0f57aa767e9e266aa4f150983	MAT text header date -> Mmm 01 yyyy
ParticipantC/ParticipantC/Pinch/Executed/NSPdata/Block1.ns3	51575129	6d2f2cca992456cbc017ddcc247b6d1e7db03ca072a6ec3387308ed75548040d	6d2f2cca992456cbc017ddcc247b6d1e7db03ca072a6ec3387308ed75548040d	NSx TimeOrigin day -> 01, weekday recomputed
ParticipantC/ParticipantC/Pinch/Executed/NSPdata/Block2.ns3	53188649	bdf545c677cabfcdc85e828f5c8ede54a97c76dd7224f23625db58d46b6bd496	bdf545c677cabfcdc85e828f5c8ede54a97c76dd7224f23625db58d46b6bd496	NSx TimeOrigin day -> 01, weekday recomputed
ParticipantC/ParticipantC/Pinch/Executed/NSPdata/Block3.ns3	51970409	6c82ca587dc4d7a3fc8fd7b03be881d1143f1f1832cea082736ae5c0879d6070	6c82ca587dc4d7a3fc8fd7b03be881d1143f1f1832cea082736ae5c0879d6070	NSx TimeOrigin day -> 01, weekday recomputed
ParticipantC/ParticipantC/Pinch/Executed/NSPdata/Block4.ns3	53156249	1b33e01931df2b029b2283c8baeea57bffb589980f7f612f23ae6ddb4e7acb92	1b33e01931df2b029b2283c8baeea57bffb589980f7f612f23ae6ddb4e7acb92	NSx TimeOrigin day -> 01, weekday recomputed
ParticipantC/ParticipantC/Pinch/Executed/NSPdata/Block5.ns3	51950969	eae3c5458fc1a318fbad478c3fab6e7209f141cdaf2b286a754fc7d5a095acca	eae3c5458fc1a318fbad478c3fab6e7209f141cdaf2b286a754fc7d5a095acca	NSx TimeOrigin day -> 01, weekday recomputed
ParticipantC/ParticipantC/Pinch/Executed/SLCdata/SLCData_Block1.mat	2463121	1bb478d644102e62289c0e1136c82ca056fe94324017df8cfc2b7fde4bb3233c	161fe9c9170fb85199e6c1b748d8de12cf5196f75ea6a680d938d2f682e85d01	MAT text header date -> Mmm 01 yyyy
ParticipantC/ParticipantC/Pinch/Executed/SLCdata/SLCData_Block2.mat	2444444	7e270c4470cfee2cdf548a5f3c7b32009877cc10a926e0d801ebe045369be96c	43fb9aabbb3c38687ae48f8b93e35f811dbb234862f6abc659e39cd3b089feca	MAT text header date -> Mmm 01 yyyy
ParticipantC/ParticipantC/Pinch/Executed/SLCdata/SLCData_Block3.mat	2453999	a1faabfda21348d966472f52a6389335ad6c32d74fbaa7296651b78045faa61f	da060d51335cb1be2453ead52425bf838632f4c2cd5c2be88344d1008017e3cb	MAT text header date -> Mmm 01 yyyy
ParticipantC/ParticipantC/Pinch/Executed/SLCdata/SLCData_Block4.mat	2380889	f9b0ddd765dd1d8f6d9ba913427dbd7c5e618c9a82379acea34515b07edfab84	839022ff284584d590941c599bce38c350cc0a8398f708d99d8b5a474cc1323b	MAT text header date -> Mmm 01 yyyy
ParticipantC/ParticipantC/Pinch/Executed/SLCdata/SLCData_Block5.mat	2445402	95a39185c24367b908ab605668124ba595c7187d610aa356582c2502e34b6c2c	59d155b5488cc92866c6da0b80bb72eff6cc5e0594e7dfb2d4fff7c445bf2aa0	MAT text header date -> Mmm 01 yyyy
ParticipantC/ParticipantC/Power/Executed/NSPdata/Block1.ns3	52027919	a1e86be99d344b3efe5dfcf28159922985baaa3bcd19e6b76121f091315e7a83	a1e86be99d344b3efe5dfcf28159922985baaa3bcd19e6b76121f091315e7a83	NSx TimeOrigin day -> 01, weekday recomputed
ParticipantC/ParticipantC/Power/Executed/NSPdata/Block2.ns3	52193321	b07d2934bc42e09b48e607cde3159827d8d0160e40b22bdc7e1578f02c9fd06e	b07d2934bc42e09b48e607cde3159827d8d0160e40b22bdc7e1578f02c9fd06e	NSx TimeOrigin day -> 01, weekday recomputed
ParticipantC/ParticipantC/Power/Executed/NSPdata/Block3.ns3	51694361	e52be19de7fff3c4af88c4b75b878edc086d507cd8c8aded096b6cef9e7e8110	e52be19de7fff3c4af88c4b75b878edc086d507cd8c8aded096b6cef9e7e8110	NSx TimeOrigin day -> 01, weekday recomputed
ParticipantC/ParticipantC/Power/Executed/SLCdata/SLCData_Block1.mat	2416547	258b546672d0428ba8d0bd5957759cac0cad88fe0fd2437c375d434629689daa	c7d54252145770ad0bca9259c3c50d586934ca26348ff144ee61547de2d75aec	MAT text header date -> Mmm 01 yyyy
ParticipantC/ParticipantC/Power/Executed/SLCdata/SLCData_Block2.mat	2393806	9c4ad2629e727bc85241fd5a73953200aa089db0ac1ff063c70180489035df4e	bf74024aac90dba087ca89181cf9056b2cb040d0c8f4e9f16a8154a65850dfc5	MAT text header date -> Mmm 01 yyyy
ParticipantC/ParticipantC/Power/Executed/SLCdata/SLCData_Block3.mat	2439727	8ca8e0948b40104213149996a3fb1764d8adbfafade6c4dcbe2fda10660e561a	19bfe061a0602d0fbd20068731129f078f93d29edd746caef885f985dc60eac6	MAT text header date -> Mmm 01 yyyy
ParticipantD/ParticipantD/Pinch/Executed/NSPdata/Block1.ns3	83452229	3d899fcb5273edf2c5ecfb2a685b852b2733bef2ae0eea2528381c09e9e38042	5f31e657e469ec2886c9af01d2f140a8bd08263c2b2c13383a05d235a22c49b5	NSx TimeOrigin day -> 01, weekday recomputed
ParticipantD/ParticipantD/Pinch/Executed/NSPdata/Block2.ns3	83241185	a5cf2580e04967d4ac70dbe337fa68e880b8f301735fdffd63c37dd5717b8f06	4245a719e4abc8fb29579203aa6fcc6b2adddb81278c72fb2263f1199ed2a41b	NSx TimeOrigin day -> 01, weekday recomputed
ParticipantD/ParticipantD/Pinch/Executed/NSPdata/Block3.ns3	83513633	d7360be010bbe1043fafc8b2544c92efd7e82e39627a492b6d41553f9f15150c	1bb69d80364393b6de050c948530d54373edbb97ad4481239b54f8a453b3915d	NSx TimeOrigin day -> 01, weekday recomputed
ParticipantD/ParticipantD/Pinch/Executed/NSPdata/Block4.ns3	83199389	c7c80911a56742c1c5510c5b0656c0fc5a221b4811ce8a73e3d30f447f9e95b4	0953bb673ce0aeb191843e6546478ae53f72a56869d74c56d437a8d998ec7b7d	NSx TimeOrigin day -> 01, weekday recomputed
ParticipantD/ParticipantD/Pinch/Executed/SLCdata/SLCData_Block1.mat	6762945	af15bdb75c636f77659d02cb677c19b435ae3408b5798dfb7fb09fefd1b5d7d6	d083e88b2897b1d024329bdd165dfa119931bd2399430c596d3730748b0d709d	MAT text header date -> Mmm 01 yyyy
ParticipantD/ParticipantD/Pinch/Executed/SLCdata/SLCData_Block2.mat	6738200	48edf850a4ad9f0ea0c57aaf695f806ba13b3cf1c21507652e024ec861e7aca8	ec34fe5fed8779265b014989244c568ca9b74d651e8cae043d1541ac2981d2de	MAT text header date -> Mmm 01 yyyy
ParticipantD/ParticipantD/Pinch/Executed/SLCdata/SLCData_Block3.mat	6719177	f2009d484bfcef3361860cc2afe22774978ada29985ae0b0eabc938abf13b7c2	60b1564573f7e33aa14f0b82a3598d1de0e469d6d913bc70010d01e643b9b881	MAT text header date -> Mmm 01 yyyy
ParticipantD/ParticipantD/Pinch/Executed/SLCdata/SLCData_Block4.mat	6750676	f37443f9209a2a8eadab780fda1ecdfa7d8c310874d94ba385af83b63914c064	6809a70954e52d517d063d64ce96c3d036afaf93e8de9e627f11031972f4291e	MAT text header date -> Mmm 01 yyyy
ParticipantD/ParticipantD/Power/Executed/NSPdata/Block1.ns3	83101349	82e68db74d49fbb9a0a3b0bdac7faa1050012e3a44339e05c773d2aee96e3767	5949d8ce628c2bb629d26d51b6da6cb0827979908605095a69f5f05393c33861	NSx TimeOrigin day -> 01, weekday recomputed
ParticipantD/ParticipantD/Power/Executed/NSPdata/Block2.ns3	83085869	d7614562c3cc2f1b3f7b17a85ab845026a76043f40cb2b033f61d097dc133a3b	2315e6d2c7b1370cde381e3aa9b5fbd10dd0a84c2f131385c7ee46d8de0e812c	NSx TimeOrigin day -> 01, weekday recomputed
ParticipantD/ParticipantD/Power/Executed/NSPdata/Block3.ns3	83416109	259aa310303dfb735d2b3f6b4810d5a2e6f58f85ee8f4e7bf411b921be22fca3	1b815e9a41c3403cd424b9aa0a9615c5286562547b798f8ddb862068a8fda8a0	NSx TimeOrigin day -> 01, weekday recomputed
ParticipantD/ParticipantD/Power/Executed/NSPdata/Block4.ns3	93065309	2a8b8fc40ae1936485449e2f4e410f77b6faaa43488bdb41849b901c59860cca	3d9633ca3257c1d431c05c027a5e3801b2078245fed88158c81c5b689e26436e	NSx TimeOrigin day -> 01, weekday recomputed
ParticipantD/ParticipantD/Power/Executed/SLCdata/SLCData_Block1.mat	6797503	8ed6ef8f77aab1ffcd500cbed224babc5a903e221187540022adf2df688b4167	d7bcea6d096640c7212d38e32ed762d181a41bd6250073698a9de178cb3d4aa5	MAT text header date -> Mmm 01 yyyy
ParticipantD/ParticipantD/Power/Executed/SLCdata/SLCData_Block2.mat	6802617	c41048d2bffe1e1c2b803dce5ecdb3e3cbb59f2c6d3d8177b16db3fe3f65f5ef	875ae813fbcb3de5e116e129004cba28f7c24e55fcca2b4b4a0dd026b517e77b	MAT text header date -> Mmm 01 yyyy
ParticipantD/ParticipantD/Power/Executed/SLCdata/SLCData_Block3.mat	6811029	3fe7b8ff9f30e6e7bcc30196a6dfac055b5f0f9cc27ba98e96a09425dae4e4c3	188862aa4b295dcd3488608e89d6ee3890c50d9d296231e51dc290d67ce5d3f1	MAT text header date -> Mmm 01 yyyy
ParticipantD/ParticipantD/Power/Executed/SLCdata/SLCData_Block4.mat	6800811	b7a5b9e20b905822e640a20cbea1ef5399103658a23b6e01374729ff8eb30320	8a600a3c8bf3107e935eb4f30d5f993ad1f02a954ddddf34fe5e1cc7ee488e19	MAT text header date -> Mmm 01 yyyy
README_for_ParticipantAPinchExecuted.txt	1764	a5f97542110d178c609ba89dfe7a02a2131afa7c72dbc798f65223ec414f3ff1	a5f97542110d178c609ba89dfe7a02a2131afa7c72dbc798f65223ec414f3ff1	unchanged
README_for_ParticipantAPinchImagined.txt	1764	a5f97542110d178c609ba89dfe7a02a2131afa7c72dbc798f65223ec414f3ff1	a5f97542110d178c609ba89dfe7a02a2131afa7c72dbc798f65223ec414f3ff1	unchanged
README_for_ParticipantAPowerExecuted.txt	1764	a5f97542110d178c609ba89dfe7a02a2131afa7c72dbc798f65223ec414f3ff1	a5f97542110d178c609ba89dfe7a02a2131afa7c72dbc798f65223ec414f3ff1	unchanged
README_for_ParticipantAPowerImagined.txt	1764	a5f97542110d178c609ba89dfe7a02a2131afa7c72dbc798f65223ec414f3ff1	a5f97542110d178c609ba89dfe7a02a2131afa7c72dbc798f65223ec414f3ff1	unchanged
README_for_ParticipantB.txt	1764	a5f97542110d178c609ba89dfe7a02a2131afa7c72dbc798f65223ec414f3ff1	a5f97542110d178c609ba89dfe7a02a2131afa7c72dbc798f65223ec414f3ff1	unchanged
README_for_ParticipantC.txt	1764	a5f97542110d178c609ba89dfe7a02a2131afa7c72dbc798f65223ec414f3ff1	a5f97542110d178c609ba89dfe7a02a2131afa7c72dbc798f65223ec414f3ff1	unchanged
README_for_ParticipantD.txt	1764	a5f97542110d178c609ba89dfe7a02a2131afa7c72dbc798f65223ec414f3ff1	a5f97542110d178c609ba89dfe7a02a2131afa7c72dbc798f65223ec414f3ff1	unchanged
